Date,Open,High,Low,Close,Volume
2021-01-29,135.83,136.74,130.21,131.96,177523812
2021-02-01,133.75,135.38,130.93,134.14,106239797
2021-02-02,135.73,136.31,134.61,134.99,83305367
2021-02-03,135.76,135.77,133.61,133.94,89880945
2021-02-04,136.3,137.4,134.59,137.39,84183055
2021-02-05,137.35,137.42,135.86,136.76,75693828
2021-02-08,136.03,136.96,134.92,136.91,71297211
2021-02-09,136.62,137.877,135.85,136.01,76774211
2021-02-10,136.48,136.99,134.4,135.39,73046562
2021-02-11,135.9,136.39,133.77,135.13,64280031
2021-02-12,134.35,135.53,133.6921,135.37,60145129
2021-02-16,135.49,136.01,132.79,133.19,80576320
2021-02-17,131.25,132.22,129.47,130.84,98085250
2021-02-18,129.2,129.995,127.41,129.71,96856750
2021-02-19,130.24,130.71,128.8,129.87,87668828
2021-02-22,128.01,129.72,125.6,126,103916398
2021-02-23,123.76,126.71,118.39,125.86,158272984
2021-02-24,124.94,125.56,122.23,125.35,111039906
2021-02-25,124.68,126.4585,120.54,120.99,148199500
2021-02-26,122.59,124.85,121.2,121.26,164560406
2021-03-01,123.75,127.93,122.79,127.79,116307906
2021-03-02,128.41,128.72,125.01,125.12,102260898
2021-03-03,124.81,125.71,121.84,122.06,112966305
2021-03-04,121.75,123.6,118.62,120.13,178155016
2021-03-05,120.98,121.935,117.57,121.42,153766594
2021-03-08,120.93,121,116.21,116.36,154376609
2021-03-09,119.03,122.06,118.79,121.085,129525797
2021-03-10,121.69,122.17,119.45,119.98,111943297
2021-03-11,122.54,123.21,121.26,121.96,103026492
2021-03-12,120.4,121.17,119.16,121.03,88105047
2021-03-15,121.41,124,120.42,123.99,92590562
2021-03-16,125.7,127.22,124.715,125.57,115227906
2021-03-17,124.05,125.8599,122.336,124.76,111932602
2021-03-18,122.88,123.18,120.32,120.53,121469797
2021-03-19,119.9,121.43,119.675,119.99,185549500
2021-03-22,120.33,123.87,120.26,123.39,111912305
2021-03-23,123.33,124.24,122.14,122.54,95467133
2021-03-24,122.82,122.9,120.065,120.09,88530484
2021-03-25,119.54,121.66,119,120.59,98844680
2021-03-26,120.35,121.48,118.92,121.21,94071234
2021-03-29,121.65,122.58,120.7299,121.39,80819203
2021-03-30,120.11,120.4031,118.86,119.9,85671922
2021-03-31,121.65,123.52,121.15,122.15,118323797
2021-04-01,123.66,124.18,122.49,123,75089125
2021-04-05,123.87,126.1601,123.07,125.9,88651188
2021-04-06,126.5,127.13,125.65,126.21,80171250
2021-04-07,125.83,127.92,125.14,127.9,83466719
2021-04-08,128.95,130.39,128.52,130.36,88844594
2021-04-09,129.8,133.04,129.47,132.995,106686703
2021-04-12,132.52,132.85,130.63,131.24,91419984
2021-04-13,132.44,134.66,131.93,134.43,91266555
2021-04-14,134.94,135,131.655,132.03,87222781
2021-04-15,133.82,135,133.64,134.5,89347102
2021-04-16,134.3,134.67,133.28,134.16,84922391
2021-04-19,133.51,135.47,133.34,134.84,94264227
2021-04-20,135.02,135.53,131.81,133.11,94812352
2021-04-21,132.36,133.75,131.3001,133.5,68847133
2021-04-22,133.04,134.15,131.41,131.94,84566461
2021-04-23,132.16,135.12,132.16,134.32,78756781
2021-04-26,134.83,135.06,133.56,134.72,66905070
2021-04-27,135.01,135.41,134.11,134.39,66015797
2021-04-28,134.31,135.02,133.08,133.58,107760094
2021-04-29,136.47,137.07,132.45,133.48,151100984
2021-04-30,131.78,133.56,131.065,131.46,109839508
2021-05-03,132.04,134.07,131.83,132.54,75135102
2021-05-04,131.19,131.4899,126.7,127.85,137564703
2021-05-05,129.2,130.45,127.97,128.1,84000898
2021-05-06,127.89,129.75,127.13,129.74,78128328
2021-05-07,130.85,131.2582,129.475,130.21,78973273
2021-05-10,129.41,129.54,126.81,126.85,88071234
2021-05-11,123.5,126.27,122.77,125.91,126142797
2021-05-12,123.4,124.64,122.25,122.77,112172305
2021-05-13,124.58,126.15,124.26,124.97,105861297
2021-05-14,126.25,127.89,125.85,127.45,81917953
2021-05-17,126.82,126.93,125.17,126.27,74116555
2021-05-18,126.56,126.99,124.78,124.85,63342930
2021-05-19,123.16,124.915,122.86,124.69,92611992
2021-05-20,125.23,127.72,125.1,127.31,76857117
2021-05-21,127.82,128,125.21,125.43,79295438
2021-05-24,126.01,127.94,125.94,127.1,63092953
2021-05-25,127.82,128.32,126.32,126.9,72009477
2021-05-26,126.955,127.39,126.42,126.85,56575922
2021-05-27,126.44,127.64,125.08,125.28,94625602
2021-05-28,125.57,125.8,124.55,124.61,71311109
2021-06-01,125.08,125.35,123.94,124.28,67637117
2021-06-02,124.28,125.24,124.05,125.06,59278859
2021-06-03,124.68,124.85,123.13,123.54,76229172
2021-06-04,124.07,126.16,123.85,125.89,75169344
2021-06-07,126.17,126.32,124.8321,125.9,71057555
2021-06-08,126.6,128.46,126.2101,126.74,74403766
2021-06-09,127.21,127.75,126.52,127.13,56877941
2021-06-10,127.02,128.19,125.94,126.11,71186414
2021-06-11,126.53,127.44,126.1,127.35,53522367
2021-06-14,127.82,130.54,127.07,130.48,96906484
2021-06-15,129.94,130.6,129.39,129.64,62746328
2021-06-16,130.37,130.89,128.461,130.15,91815031
2021-06-17,129.8,132.55,129.65,131.79,96721672
2021-06-18,130.71,131.51,130.24,130.46,108953297
2021-06-21,130.3,132.41,129.21,132.3,79663320
2021-06-22,132.13,134.08,131.62,133.98,74783617
2021-06-23,133.77,134.32,133.23,133.7,60214199
2021-06-24,134.45,134.64,132.93,133.41,68711000
2021-06-25,133.46,133.89,132.81,133.11,70783750
2021-06-28,133.41,135.245,133.35,134.78,62111301
2021-06-29,134.8,136.49,134.35,136.33,64556078
2021-06-30,136.17,137.41,135.87,136.96,63261391
2021-07-01,136.6,137.33,135.76,137.27,52485781
2021-07-02,137.9,140,137.745,139.96,78945570
2021-07-06,140.07,143.15,140.07,142.02,108181797
2021-07-07,143.535,144.89,142.66,144.57,104911602
2021-07-08,141.58,144.06,140.665,143.24,105575508
2021-07-09,142.75,145.65,142.6522,145.11,99890797
2021-07-12,146.21,146.32,144,144.5,76299719
2021-07-13,144.03,147.46,143.63,145.64,100827102
2021-07-14,148.1,149.57,147.68,149.15,127050797
2021-07-15,149.24,150,147.09,148.48,106820305
2021-07-16,148.46,149.76,145.88,146.39,93251430
2021-07-19,143.75,144.07,141.67,142.45,121434602
2021-07-20,143.46,147.0997,142.96,146.15,96350039
2021-07-21,145.53,146.13,144.63,145.4,74993453
2021-07-22,145.935,148.195,145.81,146.8,77338156
2021-07-23,147.55,148.7177,146.92,148.56,71447422
2021-07-26,148.27,149.83,147.7,148.99,72434086
2021-07-27,149.12,149.21,145.55,146.77,104818602
2021-07-28,144.81,146.97,142.54,144.98,118931203
2021-07-29,144.685,146.55,144.58,145.64,56699480
2021-07-30,144.38,146.33,144.11,145.86,70440633
2021-08-02,146.36,146.95,145.25,145.52,62879961
2021-08-03,145.81,148.045,145.18,147.36,64786621
2021-08-04,147.27,147.79,146.28,146.95,56368273
2021-08-05,146.98,147.84,146.17,147.06,46397672
2021-08-06,146.35,147.11,145.63,146.14,54126809
2021-08-09,146.2,146.7,145.52,146.09,48908688
2021-08-10,146.44,147.71,145.3,145.6,69023078
2021-08-11,146.05,146.72,145.53,145.86,48493461
2021-08-12,146.19,149.05,145.84,148.89,73779109
2021-08-13,148.97,149.4444,148.27,149.1,59375008
2021-08-16,148.535,151.19,146.47,151.12,103558797
2021-08-17,150.23,151.68,149.09,150.19,92229742
2021-08-18,149.8,150.72,146.15,146.36,86325992
2021-08-19,145.03,148,144.5,146.7,86960312
2021-08-20,147.44,148.5,146.78,148.19,60549633
2021-08-23,148.31,150.19,147.89,149.71,60131809
2021-08-24,149.45,150.86,149.15,149.62,48606434
2021-08-25,149.81,150.32,147.8,148.36,58991301
2021-08-26,148.35,149.12,147.51,147.54,48597199
2021-08-27,147.48,148.75,146.83,148.6,55802391
2021-08-30,149,153.49,148.61,153.12,90956719
2021-08-31,152.66,152.8,151.29,151.83,86453117
2021-09-01,152.83,154.98,152.34,152.51,80313711
2021-09-02,153.87,154.72,152.4,153.65,71171320
2021-09-03,153.76,154.63,153.09,154.3,57866070
2021-09-07,154.97,157.26,154.39,156.69,82278258
2021-09-08,156.98,157.04,153.975,155.11,74420211
2021-09-09,155.49,156.11,153.95,154.07,57305727
2021-09-10,155,155.48,148.7,148.97,140893203
2021-09-13,150.63,151.42,148.75,149.55,102404305
2021-09-14,150.35,151.07,146.91,148.12,109296305
2021-09-15,148.56,149.44,146.37,149.03,83281320
2021-09-16,148.44,148.97,147.221,148.79,68034148
2021-09-17,148.82,148.82,145.76,146.06,129868797
2021-09-20,143.8,144.84,141.27,142.94,123478898
2021-09-21,143.93,144.6,142.78,143.43,75833961
2021-09-22,144.45,146.43,143.7001,145.85,76404336
2021-09-23,146.65,147.08,145.64,146.83,64838168
2021-09-24,145.66,147.4701,145.56,146.92,53477871
2021-09-27,145.47,145.96,143.82,145.37,74150727
2021-09-28,143.25,144.75,141.69,141.91,108972305
2021-09-29,142.47,144.45,142.03,142.83,74602039
2021-09-30,143.66,144.378,141.28,141.5,89056656
2021-10-01,141.9,142.92,139.1101,142.65,94639586
2021-10-04,141.76,142.21,138.27,139.14,98322008
2021-10-05,139.49,142.24,139.36,141.11,80861055
2021-10-06,139.47,142.15,138.37,142,83221117
2021-10-07,143.06,144.215,142.72,143.29,61732660
2021-10-08,144.03,144.1781,142.56,142.9,58773160
2021-10-11,142.27,144.81,141.81,142.81,64452219
2021-10-12,143.23,143.25,141.0401,141.51,73035859
2021-10-13,141.235,141.4,139.2,140.91,78762719
2021-10-14,142.11,143.88,141.51,143.76,69907102
2021-10-15,143.77,144.895,143.51,144.84,67940328
2021-10-18,143.445,146.84,143.16,146.55,85589188
2021-10-19,147.01,149.17,146.55,148.76,76378891
2021-10-20,148.7,149.7539,148.12,149.26,58418793
2021-10-21,148.81,149.64,147.87,149.48,61420992
2021-10-22,149.69,150.18,148.64,148.69,58883441
2021-10-25,148.68,149.37,147.6211,148.64,50720559
2021-10-26,149.33,150.84,149.0101,149.32,60893398
2021-10-27,149.36,149.73,148.49,148.85,56094930
2021-10-28,149.82,153.165,149.72,152.57,100077906
2021-10-29,147.215,149.94,146.4128,149.8,124953203
2021-11-01,148.985,149.7,147.8,148.96,74588258
2021-11-02,148.66,151.57,148.65,150.02,69121992
2021-11-03,150.39,151.97,149.82,151.49,54511527
2021-11-04,151.58,152.43,150.64,150.96,60394621
2021-11-05,151.89,152.2,150.06,151.28,65463879
2021-11-08,151.41,151.57,150.16,150.44,55020871
2021-11-09,150.2,151.428,150.0601,150.81,56787930
2021-11-10,150.02,150.13,147.85,147.92,65187090
2021-11-11,148.96,149.43,147.681,147.87,40999953
2021-11-12,148.43,150.4,147.48,149.99,63804008
2021-11-15,150.37,151.88,149.43,150,59222801
2021-11-16,149.94,151.488,149.34,151,59256207
2021-11-17,150.995,155,150.99,153.49,88807000
2021-11-18,153.71,158.67,153.05,157.87,137827703
2021-11-19,157.65,161.02,156.5328,160.55,117305602
2021-11-22,161.68,165.7,161,161.02,117467906
2021-11-23,161.12,161.8,159.0601,161.41,96041906
2021-11-24,160.75,162.14,159.64,161.94,69463617
2021-11-26,159.565,160.45,156.36,156.81,76959750
2021-11-29,159.37,161.19,158.7901,160.24,88748227
2021-11-30,159.985,165.52,159.92,165.3,174048094
2021-12-01,167.48,170.3,164.53,164.77,152423016
2021-12-02,158.735,164.2,157.8,163.76,136739203
2021-12-03,164.02,164.96,159.72,161.84,118023102
2021-12-06,164.29,167.8799,164.28,165.32,107497000
2021-12-07,169.08,171.58,168.34,171.18,120405398
2021-12-08,172.125,175.96,170.7,175.08,116998898
2021-12-09,174.91,176.75,173.92,174.56,108923695
2021-12-10,175.205,179.63,174.69,179.45,115402703
2021-12-13,181.115,182.13,175.53,175.74,153236984
2021-12-14,175.25,177.74,172.21,174.33,139380406
2021-12-15,175.11,179.5,172.3108,179.3,131063297
2021-12-16,179.28,181.14,170.75,172.26,150185797
2021-12-17,169.93,173.47,169.69,171.14,195923391
2021-12-20,168.28,170.58,167.46,169.75,107499102
2021-12-21,171.555,173.2,169.12,172.99,91185914
2021-12-22,173.04,175.86,172.15,175.64,92135297
2021-12-23,175.85,176.8499,175.27,176.28,68356570
2021-12-27,177.085,180.42,177.07,180.33,74919586
2021-12-28,180.16,181.33,178.53,179.29,79144336
2021-12-29,179.33,180.63,178.14,179.38,62348930
2021-12-30,179.47,180.57,178.09,178.2,59773008
2021-12-31,178.085,179.23,177.26,177.57,64062262
2022-01-03,177.83,182.88,177.71,182.01,104701203
2022-01-04,182.63,182.94,179.12,179.7,99310438
2022-01-05,179.61,180.17,174.64,174.92,94537602
2022-01-06,172.7,175.3,171.64,172,96903961
2022-01-07,172.89,174.14,171.03,172.17,86709148
2022-01-10,169.08,172.5,168.17,172.19,106765602
2022-01-11,172.32,175.18,170.82,175.08,76138312
2022-01-12,176.12,177.18,174.82,175.53,74805172
2022-01-13,175.78,176.62,171.79,172.19,84505758
2022-01-14,171.34,173.78,171.09,173.07,80440781
2022-01-18,171.51,172.54,169.405,169.8,91168727
2022-01-19,170,171.08,165.94,166.23,94814992
2022-01-20,166.98,169.68,164.18,164.51,91420523
2022-01-21,164.415,166.33,162.3,162.41,122848898
2022-01-24,160.02,162.3,154.7,161.62,162706703
2022-01-25,158.98,162.76,157.02,159.78,115798398
2022-01-26,163.5,164.3894,157.82,159.69,108275297
2022-01-27,162.45,163.84,158.28,159.22,121954602
2022-01-28,165.71,170.35,162.8,170.33,179935703
2022-01-31,170.16,175,169.51,174.78,115541602
2022-02-01,174.01,174.84,172.31,174.61,86213914
2022-02-02,174.745,175.88,173.33,175.84,84914258
2022-02-03,174.48,176.2399,172.12,172.9,89418070
2022-02-04,171.68,174.1,170.68,172.39,82465398
2022-02-07,172.86,173.9458,170.95,171.66,77251203
2022-02-08,171.73,175.35,171.43,174.83,74829219
2022-02-09,176.05,176.65,174.9,176.28,71285039
2022-02-10,174.14,175.48,171.55,172.12,90865906
2022-02-11,172.33,173.08,168.04,168.64,98670688
2022-02-14,167.37,169.58,166.56,168.88,86185531
2022-02-15,170.97,172.95,170.25,172.79,64286320
2022-02-16,171.85,173.34,170.05,172.55,61177398
2022-02-17,171.03,171.91,168.47,168.88,69589344
2022-02-18,169.82,170.5413,166.19,167.3,82772672
2022-02-22,164.98,166.69,162.15,164.32,91162758
2022-02-23,165.54,166.15,159.75,160.07,90009250
2022-02-24,152.58,162.85,152,162.74,141147500
2022-02-25,163.84,165.12,160.8738,164.85,91974227
2022-02-28,163.06,165.42,162.43,165.12,95056633
2022-03-01,164.695,166.6,161.97,163.2,83474430
2022-03-02,164.39,167.36,162.95,166.56,79724750
2022-03-03,168.47,168.91,165.55,166.23,76678438
2022-03-04,164.49,165.55,162.1,163.17,83819594
2022-03-07,163.36,165.02,159.04,159.3,96418852
2022-03-08,158.82,162.88,155.8,157.44,131148297
2022-03-09,161.475,163.41,159.41,162.95,91454914
2022-03-10,160.2,160.39,155.98,158.52,105342000
2022-03-11,158.93,159.28,154.5,154.73,96970094
2022-03-14,151.45,154.12,150.1,150.62,108732094
2022-03-15,150.9,155.57,150.38,155.09,92964305
2022-03-16,157.05,160,154.46,159.59,102300203
2022-03-17,158.61,161,157.63,160.62,75615375
2022-03-18,160.51,164.48,159.76,163.98,123511695
2022-03-21,163.51,166.35,163.015,165.38,95811352
2022-03-22,165.51,169.42,164.91,168.82,81532008
2022-03-23,167.99,172.64,167.65,170.21,98062672
2022-03-24,171.06,174.14,170.21,174.07,90131422
2022-03-25,173.88,175.28,172.75,174.72,80546156
2022-03-28,172.17,175.73,172,175.6,90371922
2022-03-29,176.69,179.01,176.34,178.96,100589398
2022-03-30,178.55,179.61,176.7,177.77,92633148
2022-03-31,177.84,178.03,174.4,174.61,103049297
2022-04-01,174.03,174.88,171.94,174.31,78751328
2022-04-04,174.57,178.49,174.44,178.44,76545984
2022-04-05,177.5,178.3,174.415,175.06,73401789
2022-04-06,172.36,173.63,170.13,171.83,89058781
2022-04-07,171.16,173.36,169.85,172.14,77594648
2022-04-08,171.78,171.78,169.2,170.09,76575516
2022-04-11,168.71,169.03,165.5,165.75,72246711
2022-04-12,168.02,169.87,166.64,167.66,79265188
2022-04-13,167.39,171.04,166.77,170.4,70618930
2022-04-14,170.62,171.27,165.04,165.29,75329375
2022-04-18,163.92,166.5984,163.57,165.07,69023938
2022-04-19,165.02,167.82,163.91,167.4,67723828
2022-04-20,168.76,168.88,166.1,167.23,67929805
2022-04-21,168.91,171.53,165.91,166.42,87227766
2022-04-22,166.46,167.8699,161.5,161.79,84882414
2022-04-25,161.12,163.17,158.46,162.88,96046383
2022-04-26,162.25,162.34,156.72,156.8,95623242
2022-04-27,155.91,159.79,155.38,156.57,88063195
2022-04-28,159.25,164.515,158.93,163.64,130216797
2022-04-29,161.84,166.2,157.25,157.65,131747594
2022-05-02,156.71,158.23,153.27,157.96,123055297
2022-05-03,158.15,160.71,156.32,159.48,88966531
2022-05-04,159.67,166.48,159.26,166.02,108256492
2022-05-05,163.85,164.08,154.95,156.77,130525297
2022-05-06,156.01,159.44,154.18,157.28,116124602
2022-05-09,154.925,155.83,151.49,152.06,131577906
2022-05-10,155.52,156.74,152.93,154.51,115366703
2022-05-11,153.5,155.45,145.81,146.5,142689797
2022-05-12,142.77,146.2,138.8,142.56,182602000
2022-05-13,144.59,148.105,143.11,147.11,113990898
2022-05-16,145.55,147.5199,144.18,145.54,86643773
2022-05-17,148.86,149.77,146.68,149.24,78336250
2022-05-18,146.85,147.3601,139.9,140.82,109742898
2022-05-19,139.88,141.66,136.6,137.35,136095594
2022-05-20,139.09,140.7,132.61,137.59,137426094
2022-05-23,137.79,143.26,137.65,143.11,117726305
2022-05-24,140.805,141.97,137.33,140.36,104132703
2022-05-25,138.43,141.785,138.34,140.52,92482703
2022-05-26,137.39,144.34,137.14,143.78,90601555
2022-05-27,145.39,149.68,145.26,149.64,90978492
2022-05-31,149.07,150.66,146.84,148.84,103718398
2022-06-01,149.9,151.74,147.68,148.71,74286641
2022-06-02,147.83,151.27,146.86,151.21,72348062
2022-06-03,146.9,147.97,144.46,145.38,88570289
2022-06-06,147.03,148.5689,144.9,146.14,71598383
2022-06-07,144.345,149,144.1,148.71,67808148
2022-06-08,148.58,149.8697,147.46,147.96,53950199
2022-06-09,147.08,147.95,142.53,142.64,69472977
2022-06-10,140.28,140.76,137.06,137.13,91566641
2022-06-13,132.87,135.2,131.44,131.88,122207102
2022-06-14,133.13,133.89,131.48,132.76,84784328
2022-06-15,134.29,137.34,132.16,135.43,91532969
2022-06-16,132.08,132.39,129.04,130.06,107961508
2022-06-17,130.065,133.079,129.81,131.56,134520297
2022-06-21,133.42,137.06,133.32,135.87,81000484
2022-06-22,134.79,137.76,133.91,135.35,73409234
2022-06-23,136.82,138.59,135.63,138.27,72433766
2022-06-24,139.9,141.91,139.77,141.66,89116844
2022-06-27,142.695,143.49,140.965,141.66,70207914
2022-06-28,142.13,143.422,137.325,137.44,67315328
2022-06-29,137.46,140.67,136.67,139.23,66242406
2022-06-30,137.25,138.37,133.7737,136.72,98964469
2022-07-01,136.04,139.04,135.66,138.93,71051555
2022-07-05,137.77,141.61,136.93,141.56,73429641
2022-07-06,141.355,144.12,141.08,142.92,74064250
2022-07-07,143.29,146.55,143.28,146.35,66253711
2022-07-08,145.265,147.55,145,147.04,64547801
2022-07-11,145.67,146.64,143.78,144.87,63305113
2022-07-12,145.76,148.45,145.05,145.86,77588758
2022-07-13,142.99,146.45,142.1201,145.49,71185562
2022-07-14,144.08,148.95,143.25,148.47,78140734
2022-07-15,149.78,150.86,148.2,150.17,76259930
2022-07-18,150.74,151.57,146.7,147.07,81420875
2022-07-19,147.92,151.23,146.91,151,82982367
2022-07-20,151.12,153.72,150.37,153.04,64823406
2022-07-21,154.5,155.57,151.94,155.35,65086641
2022-07-22,155.39,156.28,153.41,154.09,66675406
2022-07-25,154.01,155.04,152.28,152.95,53623953
2022-07-26,152.265,153.085,150.8,151.6,55138688
2022-07-27,152.58,157.33,152.16,156.79,78620688
2022-07-28,156.98,157.64,154.41,157.35,81378727
2022-07-29,161.24,163.63,159.5,162.51,101786898
2022-08-01,161.01,163.59,160.89,161.51,67829375
2022-08-02,160.1,162.41,159.63,160.01,59907031
2022-08-03,160.84,166.59,160.75,166.13,82507484
2022-08-04,166.005,167.19,164.43,165.81,55474141
2022-08-05,163.21,165.85,163,165.35,56696992
2022-08-08,166.37,167.81,164.2,164.87,60362340
2022-08-09,164.02,165.82,163.25,164.92,63135500
2022-08-10,167.68,169.34,166.9,169.24,70170547
2022-08-11,170.06,170.99,168.19,168.49,57149160
2022-08-12,169.82,172.17,169.4,172.1,68039375
2022-08-15,171.52,173.39,171.345,173.19,54091688
2022-08-16,172.78,173.71,171.6618,173.03,56377047
2022-08-17,172.77,176.15,172.57,174.55,79542039
2022-08-18,173.75,174.9,173.12,174.15,62290078
2022-08-19,173.03,173.74,171.3101,171.52,70346305
2022-08-22,169.69,169.86,167.135,167.57,69026805
2022-08-23,167.08,168.71,166.65,167.23,54147078
2022-08-24,167.32,168.11,166.245,167.53,53841520
2022-08-25,168.78,170.14,168.35,170.03,51218207
2022-08-26,170.57,171.05,163.56,163.62,78960977
2022-08-29,161.145,162.9,159.82,161.38,73313953
2022-08-30,162.13,162.56,157.72,158.91,77906203
2022-08-31,160.305,160.58,157.14,157.22,87991086
2022-09-01,156.64,158.42,154.67,157.96,74229906
2022-09-02,159.75,160.362,154.965,155.81,76957766
2022-09-06,156.47,157.09,153.69,154.53,73714844
2022-09-07,154.825,156.67,153.61,155.96,87449570
2022-09-08,154.64,156.36,152.68,154.46,84923852
2022-09-09,155.47,157.82,154.75,157.37,68081008
2022-09-12,159.59,164.26,159.3,163.43,104956000
2022-09-13,159.9,160.54,153.37,153.84,122656602
2022-09-14,154.785,157.1,153.6106,155.31,87965406
2022-09-15,154.65,155.24,151.38,152.37,90481109
2022-09-16,151.21,151.35,148.37,150.7,162278797
2022-09-19,149.31,154.56,149.1,154.48,81474250
2022-09-20,153.4,158.08,153.08,156.9,107689797
2022-09-21,157.34,158.74,153.6,153.72,101696797
2022-09-22,152.38,154.47,150.91,152.74,86652547
2022-09-23,151.19,151.47,148.56,150.43,96029914
2022-09-26,149.66,153.7701,149.64,150.77,93339406
2022-09-27,152.74,154.72,149.945,151.76,84442734
2022-09-28,147.64,150.6414,144.84,149.84,146691391
2022-09-29,146.1,146.72,140.68,142.48,128138203
2022-09-30,141.28,143.1,138,138.2,124925297
2022-10-03,138.21,143.07,137.685,142.45,114311695
2022-10-04,145.03,146.22,144.26,146.1,87830062
2022-10-05,144.075,147.38,143.01,146.4,79470969
2022-10-06,145.81,147.54,145.22,145.43,68402172
2022-10-07,142.54,143.1,139.445,140.09,85925562
2022-10-10,140.42,141.89,138.5729,140.42,74899000
2022-10-11,139.9,141.35,138.22,138.98,77033672
2022-10-12,139.13,140.36,138.16,138.34,70433742
2022-10-13,134.99,143.59,134.37,142.99,113224000
2022-10-14,144.31,144.52,138.19,138.38,88597969
2022-10-17,141.065,142.9,140.27,142.41,85250945
2022-10-18,145.49,146.7,140.61,143.75,99136609
2022-10-19,141.69,144.9492,141.5,143.86,61758340
2022-10-20,143.02,145.89,142.65,143.39,64521992
2022-10-21,142.87,147.8479,142.649,147.27,86548609
2022-10-24,147.185,150.23,146,149.45,75981922
2022-10-25,150.09,152.49,149.36,152.34,74732289
2022-10-26,150.96,151.99,148.04,149.35,88436172
2022-10-27,148.07,149.046,144.13,144.8,109180203
2022-10-28,148.2,157.5,147.82,155.74,164762406
2022-10-31,153.155,154.24,151.92,153.34,97943172
2022-11-01,155.08,155.45,149.13,150.65,80379352
2022-11-02,148.945,152.17,145,145.03,93604625
2022-11-03,142.06,142.8,138.75,138.88,97918523
2022-11-04,142.09,142.67,134.38,138.38,140814797
2022-11-07,137.11,139.145,135.671,138.92,83374633
2022-11-08,140.41,141.43,137.49,139.5,89908477
2022-11-09,138.5,138.55,134.5933,134.87,74917789
2022-11-10,141.24,146.87,139.5,146.87,118854000
2022-11-11,145.82,150.01,144.37,149.7,93979672
2022-11-14,148.97,150.28,147.43,148.28,73374109
2022-11-15,152.215,153.59,148.5613,150.04,89868328
2022-11-16,149.13,149.87,147.29,148.79,64218273
2022-11-17,146.43,151.48,146.15,150.72,80389398
2022-11-18,152.305,152.7,149.97,151.29,74829570
2022-11-21,150.16,150.37,147.715,148.01,58724070
2022-11-22,148.13,150.42,146.925,150.18,51804129
2022-11-23,149.45,151.83,149.34,151.07,58301398
2022-11-25,148.305,148.88,147.12,148.11,35195859
2022-11-28,145.14,146.64,143.38,144.22,69346523
2022-11-29,144.29,144.81,140.355,141.17,83763797
2022-11-30,141.395,148.72,140.55,148.03,111380898
2022-12-01,148.21,149.13,146.61,148.31,71250414
2022-12-02,145.96,148,145.65,147.81,65447449
2022-12-05,147.77,150.9199,145.77,146.63,68826438
2022-12-06,147.075,147.3,141.92,142.91,64727191
2022-12-07,142.19,143.37,140,140.94,69721086
2022-12-08,142.36,143.52,141.1,142.65,62128340
2022-12-09,142.34,145.57,140.9,142.16,76097008
2022-12-12,142.7,144.5,141.06,144.49,70462648
2022-12-13,149.5,149.9692,144.24,145.47,93886156
2022-12-14,145.35,146.655,141.16,143.21,82291188
2022-12-15,141.11,141.8,136.025,136.5,98931914
2022-12-16,136.685,137.65,133.73,134.51,160156891
2022-12-19,135.11,135.2,131.32,132.37,79592609
2022-12-20,131.39,133.25,129.89,132.3,77432812
2022-12-21,132.98,136.81,132.75,135.45,85927992
2022-12-22,134.352,134.56,130.3,132.23,77852109
2022-12-23,130.92,132.415,129.64,131.86,63814887
2022-12-27,131.38,131.41,128.72,130.03,69007828
2022-12-28,129.67,131.0275,125.87,126.04,85438391
2022-12-29,127.99,130.4814,127.73,129.61,75703711
2022-12-30,128.41,129.95,127.43,129.93,77034211
2023-01-03,130.28,130.9,124.17,125.07,112117508
2023-01-04,126.89,128.6557,125.08,126.36,89113633
2023-01-05,127.13,127.77,124.76,125.02,80962711
2023-01-06,126.01,130.29,124.89,129.62,87754719
2023-01-09,130.465,133.41,129.89,130.15,70790805
2023-01-10,130.26,131.2636,128.12,130.73,63896160
2023-01-11,131.25,133.51,130.46,133.49,69458953
2023-01-12,133.88,134.26,131.44,133.41,71379648
2023-01-13,132.03,134.92,131.66,134.76,57809719
2023-01-17,134.83,137.29,134.13,135.94,63646633
2023-01-18,136.815,138.61,135.03,135.21,69672797
2023-01-19,134.08,136.25,133.77,135.27,58280406
2023-01-20,135.28,138.02,134.22,137.87,80223633
2023-01-23,138.12,143.315,137.9,141.11,81760312
2023-01-24,140.305,143.16,140.3,142.53,66435141
2023-01-25,140.89,142.43,138.81,141.86,65799352
2023-01-26,143.17,144.25,141.9,143.96,54105070
2023-01-27,143.155,147.23,143.08,145.93,70555844
2023-01-30,144.955,145.55,142.85,143,64015273
2023-01-31,142.7,144.34,142.28,144.29,65874461
2023-02-01,143.97,146.61,141.32,145.43,77663633
2023-02-02,148.9,151.18,148.17,150.82,118339000
2023-02-03,148.03,157.38,147.83,154.5,154357297
2023-02-06,152.575,153.1,150.78,151.73,69858312
2023-02-07,150.64,155.23,150.64,154.65,83322555
2023-02-08,153.88,154.58,151.168,151.92,64120078
2023-02-09,153.775,154.33,150.42,150.87,56007141
2023-02-10,149.46,151.3401,149.22,151.01,57450711
2023-02-13,150.952,154.26,150.92,153.85,62199008
2023-02-14,152.12,153.77,150.86,153.2,61707566
2023-02-15,153.11,155.5,152.88,155.33,65669250
2023-02-16,153.51,156.33,153.3475,153.71,68167938
2023-02-17,152.35,153,150.85,152.55,59144121
2023-02-21,150.2,151.3,148.405,148.48,58867230
2023-02-22,148.87,149.95,147.16,148.91,51011312
2023-02-23,150.09,150.34,147.24,149.4,48394246
2023-02-24,147.11,147.19,145.7202,146.71,55469609
2023-02-27,147.71,149.17,147.45,147.92,44998473
2023-02-28,147.05,149.08,146.83,147.41,50547000
2023-03-01,146.83,147.2285,145.01,145.31,55478992
2023-03-02,144.38,146.71,143.9,145.91,52279762
2023-03-03,148.045,151.11,147.33,151.03,70732305
2023-03-06,153.785,156.3,153.46,153.83,87558031
2023-03-07,153.7,154.0299,151.13,151.6,56182031
2023-03-08,152.81,153.47,151.83,152.87,47204793
2023-03-09,153.559,154.535,150.225,150.59,53833578
2023-03-10,150.21,150.94,147.6096,148.5,68572398
2023-03-13,147.805,153.14,147.7,150.47,84457117
2023-03-14,151.28,153.4,150.1,152.59,73695891
2023-03-15,151.19,153.245,149.92,152.99,77167875
2023-03-16,152.16,156.46,151.64,155.85,76254414
2023-03-17,156.08,156.74,154.28,155,98944633
2023-03-20,155.07,157.82,154.15,157.4,73641422
2023-03-21,157.32,159.4,156.54,159.28,73938289
2023-03-22,159.3,162.14,157.81,157.83,75701805
2023-03-23,158.83,161.5501,157.68,158.93,67622062
2023-03-24,158.86,160.34,157.85,160.25,59256340
2023-03-27,159.94,160.77,157.87,158.28,52390273
2023-03-28,157.97,158.49,155.98,157.65,45992152
2023-03-29,159.37,161.05,159.35,160.77,51305688
2023-03-30,161.53,162.47,161.271,162.36,49501688
2023-03-31,162.44,165,161.91,164.9,68749789
2023-04-03,164.27,166.29,164.22,166.17,56976191
2023-04-04,166.595,166.84,165.11,165.63,46278301
2023-04-05,164.74,165.05,161.8,163.76,51511738
2023-04-06,162.43,164.9584,162,164.66,45390121
2023-04-10,161.42,162.03,160.08,162.03,47716879
2023-04-11,162.35,162.36,160.51,160.8,47644219
2023-04-12,161.22,162.06,159.78,160.1,50133059
2023-04-13,161.63,165.8,161.42,165.56,68445648
2023-04-14,164.59,166.32,163.82,165.21,49386480
2023-04-17,165.09,165.39,164.03,165.23,41516219
2023-04-18,166.1,167.41,165.65,166.47,49923008
2023-04-19,165.8,168.16,165.54,167.63,47720168
2023-04-20,166.09,167.87,165.56,166.65,52456379
2023-04-21,165.05,166.4521,164.49,165.02,58337340
2023-04-24,165,165.6,163.89,165.33,41949578
2023-04-25,165.19,166.305,163.73,163.77,48714059
2023-04-26,163.055,165.28,162.8,163.76,45498801
2023-04-27,165.19,168.56,165.19,168.41,64902328
2023-04-28,168.49,169.85,167.8801,169.68,55275848
2023-05-01,169.28,170.45,168.64,169.59,52472941
2023-05-02,170.09,170.35,167.54,168.54,48425699
2023-05-03,169.5,170.92,167.16,167.45,65136020
2023-05-04,164.89,167.04,164.31,165.79,81235430
2023-05-05,170.975,174.3,170.76,173.57,113453203
2023-05-08,172.48,173.85,172.11,173.5,55962793
2023-05-09,173.05,173.54,171.6,171.77,45326871
2023-05-10,173.02,174.03,171.9,173.555,53724500
2023-05-11,173.85,174.59,172.17,173.75,49514680
2023-05-12,173.62,174.06,171,172.57,45533141
2023-05-15,173.16,173.21,171.47,172.07,37266660
2023-05-16,171.99,173.1383,171.7991,172.07,42110289
2023-05-17,171.71,172.925,170.4201,172.69,57951602
2023-05-18,173,175.24,172.58,175.05,65496660
2023-05-19,176.39,176.39,174.94,175.16,55809480
2023-05-22,173.98,174.71,173.45,174.2,43570930
2023-05-23,173.13,173.3794,171.275,171.56,50747262
2023-05-24,171.09,172.4183,170.52,171.84,45143488
2023-05-25,172.41,173.895,171.69,172.99,56058262
2023-05-26,173.32,175.77,173.11,175.43,54834980
2023-05-30,176.96,178.99,176.57,177.3,55964398
2023-05-31,177.325,179.35,176.76,177.25,99625289
2023-06-01,177.7,180.12,176.9306,180.09,68901805
2023-06-02,181.03,181.78,179.26,180.95,61996910
2023-06-05,182.63,184.951,178.035,179.58,121946492
2023-06-06,179.965,180.12,177.43,179.21,64848367
2023-06-07,178.44,181.21,177.32,177.82,61944621
2023-06-08,177.895,180.84,177.46,180.57,50214879
2023-06-09,181.5,182.23,180.63,180.96,48899969
2023-06-12,181.27,183.89,180.97,183.79,54755000
2023-06-13,182.8,184.15,182.44,183.31,54929129
2023-06-14,183.37,184.39,182.02,183.95,57462879
2023-06-15,183.96,186.52,183.78,186.01,65433168
2023-06-16,186.73,186.99,184.27,184.92,101256203
2023-06-20,184.41,186.1,184.41,185.01,49799090
2023-06-21,184.9,185.41,182.5901,183.96,49515699
2023-06-22,183.74,187.045,183.67,187,51245328
2023-06-23,185.55,187.56,185.01,186.68,53117000
2023-06-26,186.83,188.05,185.23,185.27,48088660
2023-06-27,185.89,188.39,185.67,188.06,50730848
2023-06-28,187.93,189.9,187.6,189.25,51216801
2023-06-29,189.08,190.07,188.94,189.59,46347312
2023-06-30,191.63,194.48,191.26,193.97,85213219
2023-07-03,193.78,193.88,191.76,192.46,31346600
2023-07-05,191.565,192.98,190.62,191.33,46920262
2023-07-06,189.84,192.02,189.2,191.81,45156008
2023-07-07,191.41,192.67,190.24,190.68,46815000
2023-07-10,189.26,189.99,187.035,188.61,59922160
2023-07-11,189.16,189.3,186.6,188.08,46638121
2023-07-12,189.68,191.7,188.47,189.77,60750246
2023-07-13,190.5,191.19,189.78,190.54,41342340
2023-07-14,190.23,191.1799,189.63,190.69,41616238
2023-07-17,191.9,194.32,191.81,193.99,50520160
2023-07-18,193.35,194.33,192.415,193.73,48353770
2023-07-19,193.1,198.23,192.65,195.1,80507320
2023-07-20,195.09,196.47,192.495,193.13,59581199
2023-07-21,194.1,194.97,191.23,191.94,71951680
2023-07-24,193.41,194.91,192.25,192.75,45505102
2023-07-25,193.33,194.44,192.915,193.62,37283199
2023-07-26,193.67,195.64,193.32,194.5,47471871
2023-07-27,196.02,197.2,192.55,193.22,47460180
2023-07-28,194.67,196.626,194.14,195.83,48291441
2023-07-31,196.06,196.49,195.26,196.45,38824113
2023-08-01,196.235,196.73,195.28,195.605,35281434
2023-08-02,195.04,195.18,191.8507,192.58,50389328
2023-08-03,191.57,192.37,190.69,191.17,62243281
2023-08-04,185.52,187.38,181.92,181.99,115956797
2023-08-07,182.13,183.13,177.35,178.85,97576070
2023-08-08,179.69,180.27,177.58,179.8,67823000
2023-08-09,180.87,180.93,177.01,178.19,60378488
2023-08-10,179.48,180.75,177.6,177.97,54686848
2023-08-11,177.32,178.62,176.55,177.79,52036672
2023-08-14,177.97,179.69,177.305,179.46,43675633
2023-08-15,178.88,179.48,177.05,177.45,43622594
2023-08-16,177.13,178.54,176.5,176.57,46964859
2023-08-17,177.14,177.5054,173.48,174,66062883
2023-08-18,172.3,175.1,171.96,174.49,61172152
2023-08-21,175.07,176.13,173.735,175.84,46311879
2023-08-22,177.06,177.68,176.25,177.23,42084246
2023-08-23,178.52,181.55,178.325,181.12,52722754
2023-08-24,180.674,181.104,176.01,176.38,54945801
2023-08-25,177.38,179.15,175.82,178.61,51449594
2023-08-28,180.09,180.59,178.545,180.19,43820699
2023-08-29,179.695,184.9,179.5,184.12,53003953
2023-08-30,184.94,187.85,184.74,187.65,60813887
2023-08-31,187.84,189.12,187.48,187.87,60794473
2023-09-01,189.485,189.92,188.28,189.46,45766500
2023-09-05,188.28,189.98,187.61,189.7,45280031
2023-09-06,188.4,188.85,181.47,182.91,81755820
2023-09-07,175.18,178.21,173.54,177.56,112488797
2023-09-08,178.35,180.239,177.79,178.18,65602070
2023-09-11,180.07,180.3,177.34,179.36,58953047
2023-09-12,179.49,180.13,174.82,176.3,90370195
2023-09-13,176.51,177.3,173.98,174.21,84267930
2023-09-14,174,176.1,173.58,175.74,60895762
2023-09-15,176.48,176.5,173.82,175.01,109205100
2023-09-18,176.48,179.38,176.17,177.97,67257600
2023-09-19,177.52,179.63,177.13,179.07,51826900
2023-09-20,179.26,179.7,175.4,175.49,58436200
2023-09-21,174.55,176.3,173.86,173.93,63047900
2023-09-22,174.67,177.08,174.05,174.79,56663000
2023-09-25,174.2,176.97,174.15,176.08,46172700
2023-09-26,174.82,175.2,171.66,171.96,64588900
2023-09-27,172.62,173.04,169.05,170.43,66921800
2023-09-28,169.34,172.03,167.62,170.69,56294400
2023-09-29,172.02,173.07,170.34,171.21,51814200
2023-10-02,171.22,174.3,170.93,173.75,52164500
2023-10-03,172.26,173.63,170.82,172.4,49594600
2023-10-04,171.09,174.21,170.97,173.66,53020300
2023-10-05,173.79,175.45,172.68,174.91,48527900
2023-10-06,173.8,177.99,173.18,177.49,57224100
